date,time,title,meeting_type,source,agenda_pdf,agenda_html,minutes_pdf,minutes_html,audio_link,video_link,mp4_download,detail_page,video_id
09/02/2025,6:00pm,City Council Regular Meeting,City Council Regular Meeting,municode,,,,,,,,https://fortcollins-co.municodemeetings.com/bc-citycouncil/page/city-council-regular-meeting-65,
08/28/2025,5:00pm,Urban Renewal Authority Board,Urban Renewal Authority Board,municode,,,,,,,,https://fortcollins-co.municodemeetings.com/bc-ura/page/urban-renewal-authority-board-8,
08/26/2025,6:00pm,City Council Work Session,City Council Work Session,municode,https://mccmeetings.blob.core.usgovcloudapi.net/fortcollco-pubu/MEET-Agenda-8149056cee0f47979c73a55b9f8d6e5d.pdf,,https://mccmeetings.blob.core.usgovcloudapi.net/fortcollco-pubu/MEET-Packet-8149056cee0f47979c73a55b9f8d6e5d.pdf,,,,,https://fortcollins-co.municodemeetings.com/bc-citycouncil/page/city-council-work-session-57,
08/19/2025,6:00pm,City Council Regular Meeting,City Council Regular Meeting,municode,https://mccmeetings.blob.core.usgovcloudapi.net/fortcollco-pubu/MEET-Agenda-f155a623d6684bbb9f49e9f340a6065a.pdf,,https://fortcollins-co.municodemeetings.com/sites/fortcollins-co.municodemeetings.com/files/fileattachments/city_council/meeting/4335/2025-08-19_action_agenda.pdf,,,https://fortcollins-co.municodemeetings.com/bc-citycouncil/page/city-council-regular-meeting-64,,https://fortcollins-co.municodemeetings.com/bc-citycouncil/page/city-council-regular-meeting-64,
08/12/2025,6:00pm,City Council Work Session,City Council Work Session,municode,https://mccmeetings.blob.core.usgovcloudapi.net/fortcollco-pubu/MEET-Agenda-c8aa0a7c04d848dfbf47b2ea7c75692f.pdf,,https://mccmeetings.blob.core.usgovcloudapi.net/fortcollco-pubu/MEET-Packet-c8aa0a7c04d848dfbf47b2ea7c75692f.pdf,,,https://fortcollins-co.municodemeetings.com/bc-citycouncil/page/city-council-work-session-29,,https://fortcollins-co.municodemeetings.com/bc-citycouncil/page/city-council-work-session-29,
08/12/2025,5:00pm,City Council Special Meeting,City Council Special Meeting,municode,https://mccmeetings.blob.core.usgovcloudapi.net/fortcollco-pubu/MEET-Agenda-fed1a6b4ccb844cbbc15d11310117fff.pdf,,https://mccmeetings.blob.core.usgovcloudapi.net/fortcollco-pubu/MEET-Packet-fed1a6b4ccb844cbbc15d11310117fff.pdf,,,,,https://fortcollins-co.municodemeetings.com/bc-citycouncil/page/city-council-special-meeting-4,
07/24/2025,5:00pm,Urban Renewal Authority Board,Urban Renewal Authority Board,municode,,,,,,,,https://fortcollins-co.municodemeetings.com/bc-ura/page/urban-renewal-authority-board-7,
07/15/2025,6:00pm,City Council Regular Meeting,City Council Regular Meeting,municode,https://mccmeetings.blob.core.usgovcloudapi.net/fortcollco-pubu/MEET-Agenda-2db544850e564d52a265a612fdc946c0.pdf,,https://fortcollins-co.municodemeetings.com/sites/fortcollins-co.municodemeetings.com/files/fileattachments/city_council/meeting/4327/2025-07-15_action_agenda.pdf,,,https://fortcollins-co.municodemeetings.com/bc-citycouncil/page/city-council-regular-meeting-57,,https://fortcollins-co.municodemeetings.com/bc-citycouncil/page/city-council-regular-meeting-57,
07/08/2025,6:00pm,City Council Work Session,City Council Work Session,municode,https://mccmeetings.blob.core.usgovcloudapi.net/fortcollco-pubu/MEET-Agenda-0ded58bad4ff42aa9b69c30c39dc3cff.pdf,,https://fortcollins-co.municodemeetings.com/sites/fortcollins-co.municodemeetings.com/files/fileattachments/city_council/meeting/4325/7-8-2025_work_session_summaries.pdf,,,https://fortcollins-co.municodemeetings.com/bc-citycouncil/page/city-council-work-session-56,,https://fortcollins-co.municodemeetings.com/bc-citycouncil/page/city-council-work-session-56,
07/01/2025,6:00pm,City Council Regular Meeting,City Council Regular Meeting,municode,https://mccmeetings.blob.core.usgovcloudapi.net/fortcollco-pubu/MEET-Agenda-6659d39ab5194c6f9abee5917e18a074.pdf,,https://fortcollins-co.municodemeetings.com/sites/fortcollins-co.municodemeetings.com/files/fileattachments/city_council/meeting/4321/2025-07-01_city_council_minutes.pdf,,,https://fortcollins-co.municodemeetings.com/bc-citycouncil/page/city-council-regular-meeting-63,,https://fortcollins-co.municodemeetings.com/bc-citycouncil/page/city-council-regular-meeting-63,
06/26/2025,5:00pm,Urban Renewal Authority Board Workshop,Urban Renewal Authority Workshop,municode,,,,,,,,https://fortcollins-co.municodemeetings.com/bc-ura/page/urban-renewal-authority-board-workshop,
06/26/2025,4:30pm,Urban Renewal Authority Board,Urban Renewal Authority Board,municode,,,,,,,,https://fortcollins-co.municodemeetings.com/bc-ura/page/urban-renewal-authority-board-6,
06/17/2025,6:00pm,City Council Regular Meeting,City Council Regular Meeting,municode,https://mccmeetings.blob.core.usgovcloudapi.net/fortcollco-pubu/MEET-Agenda-1b8aaf903396446db23335580b2462a4.pdf,,https://fortcollins-co.municodemeetings.com/sites/fortcollins-co.municodemeetings.com/files/fileattachments/city_council/meeting/4316/2025-06-17_minutes.pdf,,,https://fortcollins-co.municodemeetings.com/bc-citycouncil/page/city-council-regular-meeting-62,,https://fortcollins-co.municodemeetings.com/bc-citycouncil/page/city-council-regular-meeting-62,
06/10/2025,6:00pm,City Council Adjourned Meeting,City Council Adjourned Meeting,municode,https://mccmeetings.blob.core.usgovcloudapi.net/fortcollco-pubu/MEET-Agenda-a2eba47b1b104579b5644000435240a6.pdf,,https://fortcollins-co.municodemeetings.com/sites/fortcollins-co.municodemeetings.com/files/fileattachments/city_council/meeting/4313/2025-06-10_city_council_minutes.pdf,,,,,https://fortcollins-co.municodemeetings.com/bc-citycouncil/page/city-council-adjourned-meeting-5,
06/05/2025,4:00pm,City Council Work Session,City Council Work Session,municode,https://mccmeetings.blob.core.usgovcloudapi.net/fortcollco-pubu/MEET-Agenda-f3c591b2934d41c090b8a42d62513c76.pdf,,https://fortcollins-co.municodemeetings.com/sites/fortcollins-co.municodemeetings.com/files/fileattachments/city_council/meeting/4311/6-5-2025_work_session_summaries.pdf,,,https://fortcollins-co.municodemeetings.com/bc-citycouncil/page/city-council-work-session-55,,https://fortcollins-co.municodemeetings.com/bc-citycouncil/page/city-council-work-session-55,
06/03/2025,7:00pm,City Council Work Session (Meeting Video Begins at 2:40),City Council Work Session,municode,https://mccmeetings.blob.core.usgovcloudapi.net/fortcollco-pubu/MEET-Agenda-402828b153bb4e9981a99a3f3e050094.pdf,,https://fortcollins-co.municodemeetings.com/sites/fortcollins-co.municodemeetings.com/files/fileattachments/city_council/meeting/4310/work_session_summary-06_03_2025-work_session.pdf,,,https://fortcollins-co.municodemeetings.com/bc-citycouncil/page/city-council-work-session-meeting-video-begins-240,,https://fortcollins-co.municodemeetings.com/bc-citycouncil/page/city-council-work-session-meeting-video-begins-240,
06/03/2025,6:00pm,City Council Regular Meeting,City Council Regular Meeting,municode,https://mccmeetings.blob.core.usgovcloudapi.net/fortcollco-pubu/MEET-Agenda-f572cc4c4e9946ac8c20b85aaa33611f.pdf,,https://fortcollins-co.municodemeetings.com/sites/fortcollins-co.municodemeetings.com/files/fileattachments/city_council/meeting/4309/june_3_2025_cc_minutes.pdf,,,https://fortcollins-co.municodemeetings.com/bc-citycouncil/page/city-council-regular-meeting-61,,https://fortcollins-co.municodemeetings.com/bc-citycouncil/page/city-council-regular-meeting-61,
05/27/2025,6:00pm,City Council Work Session,City Council Work Session,municode,https://mccmeetings.blob.core.usgovcloudapi.net/fortcollco-pubu/MEET-Agenda-c69533a63acd41b9a948209bae430a63.pdf,,https://fortcollins-co.municodemeetings.com/sites/fortcollins-co.municodemeetings.com/files/fileattachments/city_council/meeting/4306/5.27.2025_ws_summary_civic_assembly_002.pdf,,,https://fortcollins-co.municodemeetings.com/bc-citycouncil/page/city-council-work-session-54,,https://fortcollins-co.municodemeetings.com/bc-citycouncil/page/city-council-work-session-54,
05/22/2025,4:30pm,Urban Renewal Authority Board,Urban Renewal Authority Board,municode,,,,,,,,https://fortcollins-co.municodemeetings.com/bc-ura/page/urban-renewal-authority-board-5,
05/20/2025,6:00pm,City Council Regular Meeting,City Council Regular Meeting,municode,https://mccmeetings.blob.core.usgovcloudapi.net/fortcollco-pubu/MEET-Agenda-2a2164da634545999e82e3225461d5b9.pdf,,https://fortcollins-co.municodemeetings.com/sites/fortcollins-co.municodemeetings.com/files/fileattachments/city_council/meeting/4304/may_20_2025_cc_minutes.pdf,,,https://fortcollins-co.municodemeetings.com/bc-citycouncil/page/city-council-regular-meeting-60,,https://fortcollins-co.municodemeetings.com/bc-citycouncil/page/city-council-regular-meeting-60,
05/13/2025,5:00pm,City Council Work Session,City Council Work Session,municode,https://mccmeetings.blob.core.usgovcloudapi.net/fortcollco-pubu/MEET-Agenda-b93db8b9340d485fa3726d36e6f550a6.pdf,,https://fortcollins-co.municodemeetings.com/sites/fortcollins-co.municodemeetings.com/files/fileattachments/city_council/meeting/4302/5-13-2025_work_session_summaries.pdf,,,https://fortcollins-co.municodemeetings.com/bc-citycouncil/page/city-council-work-session-53,,https://fortcollins-co.municodemeetings.com/bc-citycouncil/page/city-council-work-session-53,
05/06/2025,6:00pm,City Council Regular Meeting,City Council Regular Meeting,municode,https://mccmeetings.blob.core.usgovcloudapi.net/fortcollco-pubu/MEET-Agenda-d98bfd084bfe43a7abbe6e59dec75df7.pdf,,https://fortcollins-co.municodemeetings.com/sites/fortcollins-co.municodemeetings.com/files/fileattachments/city_council/meeting/4300/5-6-2025_city_council_minutes.pdf,,,https://fortcollins-co.municodemeetings.com/bc-citycouncil/page/city-council-regular-meeting-59,,https://fortcollins-co.municodemeetings.com/bc-citycouncil/page/city-council-regular-meeting-59,
04/24/2025,5:00pm,Urban Renewal Authority,Urban Renewal Authority Board,municode,https://mccmeetings.blob.core.usgovcloudapi.net/fortcollco-pubu/MEET-Agenda-d4e85b6b09e345ce8357dfcc1047d52c.pdf,,https://mccmeetings.blob.core.usgovcloudapi.net/fortcollco-pubu/MEET-Packet-d4e85b6b09e345ce8357dfcc1047d52c.pdf,,,,,https://fortcollins-co.municodemeetings.com/bc-ura/page/urban-renewal-authority,
04/22/2025,6:00pm,City Council Work Session,City Council Work Session,municode,https://mccmeetings.blob.core.usgovcloudapi.net/fortcollco-pubu/MEET-Agenda-d015acaa52a74110a5ea91d03b0870f8.pdf,,https://fortcollins-co.municodemeetings.com/sites/fortcollins-co.municodemeetings.com/files/fileattachments/city_council/meeting/4296/4.22.2025_work_session_summaries.pdf,,,https://fortcollins-co.municodemeetings.com/bc-citycouncil/page/city-council-work-session-52,,https://fortcollins-co.municodemeetings.com/bc-citycouncil/page/city-council-work-session-52,
8/28/25,,Fort Collins Urban Renewal Authority Board Meeting 8/28/25,Urban Renewal Authority Board,cablecast,,,,,,https://reflect-vod-fcgov.cablecast.tv/CablecastPublicSite/show/2800?site=1,,https://reflect-vod-fcgov.cablecast.tv/CablecastPublicSite/show/2800?site=1,2800.0
12/2/24,,Fort Collins Urban Renewal Authority Board Meeting 12/2/24,Urban Renewal Authority Board,cablecast,,,,,,https://reflect-vod-fcgov.cablecast.tv/CablecastPublicSite/show/2601?site=1,,https://reflect-vod-fcgov.cablecast.tv/CablecastPublicSite/show/2601?site=1,2601.0
12/3/24,,Fort Collins City Council Regular Meeting 12/3/24,City Council Regular Meeting,cablecast,,,,,,https://reflect-vod-fcgov.cablecast.tv/CablecastPublicSite/show/2602?site=1,,https://reflect-vod-fcgov.cablecast.tv/CablecastPublicSite/show/2602?site=1,2602.0
12/10/24,,Fort Collins City Council Work Session 12/10/24,City Council Work Session,cablecast,,,,,,https://reflect-vod-fcgov.cablecast.tv/CablecastPublicSite/show/2608?site=1,,https://reflect-vod-fcgov.cablecast.tv/CablecastPublicSite/show/2608?site=1,2608.0
12/17/24,,Fort Collins City Council Regular Meeting 12/17/24,City Council Regular Meeting,cablecast,,,,,,https://reflect-vod-fcgov.cablecast.tv/CablecastPublicSite/show/2614?site=1,,https://reflect-vod-fcgov.cablecast.tv/CablecastPublicSite/show/2614?site=1,2614.0
1/7/25,,Fort Collins City Council Regular Meeting 1/7/25,City Council Regular Meeting,cablecast,,,,,,https://reflect-vod-fcgov.cablecast.tv/CablecastPublicSite/show/2622?site=1,,https://reflect-vod-fcgov.cablecast.tv/CablecastPublicSite/show/2622?site=1,2622.0
1/14/25,,Fort Collins City Council Work Session 1/14/25,City Council Work Session,cablecast,,,,,,https://reflect-vod-fcgov.cablecast.tv/CablecastPublicSite/show/2631?site=1,,https://reflect-vod-fcgov.cablecast.tv/CablecastPublicSite/show/2631?site=1,2631.0
1/21/25,,Fort Collins City Council Regular Meeting 1/21/25,City Council Regular Meeting,cablecast,,,,,,https://reflect-vod-fcgov.cablecast.tv/CablecastPublicSite/show/2634?site=1,,https://reflect-vod-fcgov.cablecast.tv/CablecastPublicSite/show/2634?site=1,2634.0
1/23/25,,Fort Collins Urban Renewal Authority Board Meeting 1/23/25,Urban Renewal Authority Board,cablecast,,,,,,https://reflect-vod-fcgov.cablecast.tv/CablecastPublicSite/show/2636?site=1,,https://reflect-vod-fcgov.cablecast.tv/CablecastPublicSite/show/2636?site=1,2636.0
1/28/25,,Fort Collins City Council Work Session 1/28/25,City Council Work Session,cablecast,,,,,,https://reflect-vod-fcgov.cablecast.tv/CablecastPublicSite/show/2641?site=1,,https://reflect-vod-fcgov.cablecast.tv/CablecastPublicSite/show/2641?site=1,2641.0
2/4/25,,Fort Collins City Council Regular Meeting 2/4/25,City Council Regular Meeting,cablecast,,,,,,https://reflect-vod-fcgov.cablecast.tv/CablecastPublicSite/show/2646?site=1,,https://reflect-vod-fcgov.cablecast.tv/CablecastPublicSite/show/2646?site=1,2646.0
2/11/25,,Fort Collins City Council Work Session 2/11/25,City Council Work Session,cablecast,,,,,,https://reflect-vod-fcgov.cablecast.tv/CablecastPublicSite/show/2654?site=1,,https://reflect-vod-fcgov.cablecast.tv/CablecastPublicSite/show/2654?site=1,2654.0
2/18/25,,Fort Collins City Council Regular Meeting 2/18/25,City Council Regular Meeting,cablecast,,,,,,https://reflect-vod-fcgov.cablecast.tv/CablecastPublicSite/show/2658?site=1,,https://reflect-vod-fcgov.cablecast.tv/CablecastPublicSite/show/2658?site=1,2658.0
2/25/25,,Fort Collins City Council Work Session 2/25/25,City Council Work Session,cablecast,,,,,,https://reflect-vod-fcgov.cablecast.tv/CablecastPublicSite/show/2667?site=1,,https://reflect-vod-fcgov.cablecast.tv/CablecastPublicSite/show/2667?site=1,2667.0
3/4/25,,Fort Collins City Council Regular Meeting 3/4/25,City Council Regular Meeting,cablecast,,,,,,https://reflect-vod-fcgov.cablecast.tv/CablecastPublicSite/show/2670?site=1,,https://reflect-vod-fcgov.cablecast.tv/CablecastPublicSite/show/2670?site=1,2670.0
3/18/25,,Fort Collins City Council Regular Meeting 3/18/25,City Council Regular Meeting,cablecast,,,,,,https://reflect-vod-fcgov.cablecast.tv/CablecastPublicSite/show/2674?site=1,,https://reflect-vod-fcgov.cablecast.tv/CablecastPublicSite/show/2674?site=1,2674.0
3/25/25,,Fort Collins City Council Work Session 3/25/25,City Council Work Session,cablecast,,,,,,https://reflect-vod-fcgov.cablecast.tv/CablecastPublicSite/show/2684?site=1,,https://reflect-vod-fcgov.cablecast.tv/CablecastPublicSite/show/2684?site=1,2684.0
3/27/25,,Fort Collins Urban Renewal Authority Board Meeting 3/27/25,Urban Renewal Authority Board,cablecast,,,,,,https://reflect-vod-fcgov.cablecast.tv/CablecastPublicSite/show/2686?site=1,,https://reflect-vod-fcgov.cablecast.tv/CablecastPublicSite/show/2686?site=1,2686.0
4/1/25,,Fort Collins City Council Regular Meeting 4/1/25,City Council Regular Meeting,cablecast,,,,,,https://reflect-vod-fcgov.cablecast.tv/CablecastPublicSite/show/2692?site=1,,https://reflect-vod-fcgov.cablecast.tv/CablecastPublicSite/show/2692?site=1,2692.0
4/8/25,,Fort Collins City Council Work Session 4/8/25,City Council Work Session,cablecast,,,,,,https://reflect-vod-fcgov.cablecast.tv/CablecastPublicSite/show/2696?site=1,,https://reflect-vod-fcgov.cablecast.tv/CablecastPublicSite/show/2696?site=1,2696.0
4/15/25,,Fort Collins City Council Regular Meeting 4/15/25,City Council Regular Meeting,cablecast,,,,,,https://reflect-vod-fcgov.cablecast.tv/CablecastPublicSite/show/2701?site=1,,https://reflect-vod-fcgov.cablecast.tv/CablecastPublicSite/show/2701?site=1,2701.0
4/22/25,,Fort Collins City Council Work Session 4/22/25,City Council Work Session,cablecast,,,,,,https://reflect-vod-fcgov.cablecast.tv/CablecastPublicSite/show/2707?site=1,,https://reflect-vod-fcgov.cablecast.tv/CablecastPublicSite/show/2707?site=1,2707.0
4/24/25,,Fort Collins Urban Renewal Authority Board Meeting 4/24/25,Urban Renewal Authority Board,cablecast,,,,,,https://reflect-vod-fcgov.cablecast.tv/CablecastPublicSite/show/2708?site=1,,https://reflect-vod-fcgov.cablecast.tv/CablecastPublicSite/show/2708?site=1,2708.0
5/6/25,,Fort Collins City Council Regular Meeting 5/6/25,City Council Regular Meeting,cablecast,,,,,,https://reflect-vod-fcgov.cablecast.tv/CablecastPublicSite/show/2713?site=1,,https://reflect-vod-fcgov.cablecast.tv/CablecastPublicSite/show/2713?site=1,2713.0
5/13/25,,Fort Collins City Council Work Session 5/13/25,City Council Work Session,cablecast,,,,,,https://reflect-vod-fcgov.cablecast.tv/CablecastPublicSite/show/2714?site=1,,https://reflect-vod-fcgov.cablecast.tv/CablecastPublicSite/show/2714?site=1,2714.0
5/20/25,,Fort Collins City Council Regular Meeting 5/20/25,City Council Regular Meeting,cablecast,,,,,,https://reflect-vod-fcgov.cablecast.tv/CablecastPublicSite/show/2725?site=1,,https://reflect-vod-fcgov.cablecast.tv/CablecastPublicSite/show/2725?site=1,2725.0
5/22/25,,Fort Collins Urban Renewal Authority Board Meeting 5/22/25,Urban Renewal Authority Board,cablecast,,,,,,https://reflect-vod-fcgov.cablecast.tv/CablecastPublicSite/show/2727?site=1,,https://reflect-vod-fcgov.cablecast.tv/CablecastPublicSite/show/2727?site=1,2727.0
5/27/25,,Fort Collins City Council Work Session 5/27/25,City Council Work Session,cablecast,,,,,,https://reflect-vod-fcgov.cablecast.tv/CablecastPublicSite/show/2729?site=1,,https://reflect-vod-fcgov.cablecast.tv/CablecastPublicSite/show/2729?site=1,2729.0
6/3/25,,Fort Collins City Council Regular Meeting & Work Session 6/3/25,City Council Regular Meeting,cablecast,,,,,,https://reflect-vod-fcgov.cablecast.tv/CablecastPublicSite/show/2732?site=1,,https://reflect-vod-fcgov.cablecast.tv/CablecastPublicSite/show/2732?site=1,2732.0
6/5/25,,Fort Collins City Council Special Work Session 6/5/25,City Council Work Session,cablecast,,,,,,https://reflect-vod-fcgov.cablecast.tv/CablecastPublicSite/show/2733?site=1,,https://reflect-vod-fcgov.cablecast.tv/CablecastPublicSite/show/2733?site=1,2733.0
6/17/25,,Fort Collins City Council Regular Meeting 6/17/25,City Council Regular Meeting,cablecast,,,,,,https://reflect-vod-fcgov.cablecast.tv/CablecastPublicSite/show/2738?site=1,,https://reflect-vod-fcgov.cablecast.tv/CablecastPublicSite/show/2738?site=1,2738.0
6/26/25,,Fort Collins Urban Renewal Authority Board Meeting 6/26/25,Urban Renewal Authority Board,cablecast,,,,,,https://reflect-vod-fcgov.cablecast.tv/CablecastPublicSite/show/2748?site=1,,https://reflect-vod-fcgov.cablecast.tv/CablecastPublicSite/show/2748?site=1,2748.0
7/1/25,,Fort Collins City Council Regular Meeting 7/1/25,City Council Regular Meeting,cablecast,,,,,,https://reflect-vod-fcgov.cablecast.tv/CablecastPublicSite/show/2753?site=1,,https://reflect-vod-fcgov.cablecast.tv/CablecastPublicSite/show/2753?site=1,2753.0
7/8/25,,Fort Collins City Council Work Session 7/8/25,City Council Work Session,cablecast,,,,,,https://reflect-vod-fcgov.cablecast.tv/CablecastPublicSite/show/2758?site=1,,https://reflect-vod-fcgov.cablecast.tv/CablecastPublicSite/show/2758?site=1,2758.0
7/15/25,,Fort Collins City Council Regular Meeting 7/15/25,City Council Regular Meeting,cablecast,,,,,,https://reflect-vod-fcgov.cablecast.tv/CablecastPublicSite/show/2759?site=1,,https://reflect-vod-fcgov.cablecast.tv/CablecastPublicSite/show/2759?site=1,2759.0
7/24/25,,Fort Collins Urban Renewal Authority Board Meeting 7/24/25,Urban Renewal Authority Board,cablecast,,,,,,https://reflect-vod-fcgov.cablecast.tv/CablecastPublicSite/show/2771?site=1,https://reflect-vod-fcgov.cablecast.tv/store-4/2771-Urban-Renewal-Authority-July-24-2025-v2/vod.mp4,https://reflect-vod-fcgov.cablecast.tv/CablecastPublicSite/show/2771?site=1,2771.0
8/12/25,,Fort Collins City Council Work Session 8/12/25,City Council Work Session,cablecast,,,,,,https://reflect-vod-fcgov.cablecast.tv/CablecastPublicSite/show/2783?site=1,,https://reflect-vod-fcgov.cablecast.tv/CablecastPublicSite/show/2783?site=1,2783.0
8/19/25,,Fort Collins City Council Regular Meeting 8/19/25,City Council Regular Meeting,cablecast,,,,,,https://reflect-vod-fcgov.cablecast.tv/CablecastPublicSite/show/2792?site=1,,https://reflect-vod-fcgov.cablecast.tv/CablecastPublicSite/show/2792?site=1,2792.0
8/26/25,,Fort Collins City Council Work Session 8/26/25,City Council Work Session,cablecast,,,,,,https://reflect-vod-fcgov.cablecast.tv/CablecastPublicSite/show/2798?site=1,,https://reflect-vod-fcgov.cablecast.tv/CablecastPublicSite/show/2798?site=1,2798.0
7/25/23,,Fort Collins City Council Work Session 7/25/23,City Council Work Session,cablecast,,,,,,https://reflect-vod-fcgov.cablecast.tv/CablecastPublicSite/show/2200?site=1,,https://reflect-vod-fcgov.cablecast.tv/CablecastPublicSite/show/2200?site=1,2200.0
7/31/23,,Fort Collins City Council Special Work Session 7/31/23,City Council Work Session,cablecast,,,,,,https://reflect-vod-fcgov.cablecast.tv/CablecastPublicSite/show/2206?site=1,,https://reflect-vod-fcgov.cablecast.tv/CablecastPublicSite/show/2206?site=1,2206.0
8/8/23,,Fort Collins City Council Special Meeting & Work Session 8/8/23,City Council Work Session,cablecast,,,,,,https://reflect-vod-fcgov.cablecast.tv/CablecastPublicSite/show/2210?site=1,,https://reflect-vod-fcgov.cablecast.tv/CablecastPublicSite/show/2210?site=1,2210.0
8/15/23,,Fort Collins City Council Meeting 8/15/23,City Council Meeting,cablecast,,,,,,https://reflect-vod-fcgov.cablecast.tv/CablecastPublicSite/show/2216?site=1,,https://reflect-vod-fcgov.cablecast.tv/CablecastPublicSite/show/2216?site=1,2216.0
8/22/23,,Fort Collins City Council Work Session 8/22/23,City Council Work Session,cablecast,,,,,,https://reflect-vod-fcgov.cablecast.tv/CablecastPublicSite/show/2225?site=1,,https://reflect-vod-fcgov.cablecast.tv/CablecastPublicSite/show/2225?site=1,2225.0
8/24/23,,Fort Collins Urban Renewal Authority Board Meeting 8/24/23,Urban Renewal Authority Board,cablecast,,,,,,https://reflect-vod-fcgov.cablecast.tv/CablecastPublicSite/show/2227?site=1,,https://reflect-vod-fcgov.cablecast.tv/CablecastPublicSite/show/2227?site=1,2227.0
9/5/23,,Fort Collins City Council Regular Meeting 9/5/23,City Council Regular Meeting,cablecast,,,,,,https://reflect-vod-fcgov.cablecast.tv/CablecastPublicSite/show/2237?site=1,,https://reflect-vod-fcgov.cablecast.tv/CablecastPublicSite/show/2237?site=1,2237.0
9/12/23,,Fort Collins City Council Work Session 9/12/23,City Council Work Session,cablecast,,,,,,https://reflect-vod-fcgov.cablecast.tv/CablecastPublicSite/show/2244?site=1,,https://reflect-vod-fcgov.cablecast.tv/CablecastPublicSite/show/2244?site=1,2244.0
9/19/23,,Fort Collins City Council Regular Meeting 9/19/23,City Council Regular Meeting,cablecast,,,,,,https://reflect-vod-fcgov.cablecast.tv/CablecastPublicSite/show/2250?site=1,,https://reflect-vod-fcgov.cablecast.tv/CablecastPublicSite/show/2250?site=1,2250.0
9/26/23,,Fort Collins City Council Work Session 9/26/23,City Council Work Session,cablecast,,,,,,https://reflect-vod-fcgov.cablecast.tv/CablecastPublicSite/show/2257?site=1,,https://reflect-vod-fcgov.cablecast.tv/CablecastPublicSite/show/2257?site=1,2257.0
10/3/23,,Fort Collins City Council Regular Meeting 10/3/23,City Council Regular Meeting,cablecast,,,,,,https://reflect-vod-fcgov.cablecast.tv/CablecastPublicSite/show/2262?site=1,,https://reflect-vod-fcgov.cablecast.tv/CablecastPublicSite/show/2262?site=1,2262.0
10/10/23,,Fort Collins City Council Work Session 10/10/23,City Council Work Session,cablecast,,,,,,https://reflect-vod-fcgov.cablecast.tv/CablecastPublicSite/show/2266?site=1,,https://reflect-vod-fcgov.cablecast.tv/CablecastPublicSite/show/2266?site=1,2266.0
10/17/23,,Fort Collins City Council Regular Meeting 10/17/23,City Council Regular Meeting,cablecast,,,,,,https://reflect-vod-fcgov.cablecast.tv/CablecastPublicSite/show/2270?site=1,,https://reflect-vod-fcgov.cablecast.tv/CablecastPublicSite/show/2270?site=1,2270.0
10/24/23,,Fort Collins City Council Work Session 10/24/23,City Council Work Session,cablecast,,,,,,https://reflect-vod-fcgov.cablecast.tv/CablecastPublicSite/show/2281?site=1,,https://reflect-vod-fcgov.cablecast.tv/CablecastPublicSite/show/2281?site=1,2281.0
10/26/23,,Fort Collins Urban Renewal Authority Board Meeting 10/26/23,Urban Renewal Authority Board,cablecast,,,,,,https://reflect-vod-fcgov.cablecast.tv/CablecastPublicSite/show/2287?site=1,,https://reflect-vod-fcgov.cablecast.tv/CablecastPublicSite/show/2287?site=1,2287.0
11/14/23,,Fort Collins City Council Work Session 11/14/23,City Council Work Session,cablecast,,,,,,https://reflect-vod-fcgov.cablecast.tv/CablecastPublicSite/show/2300?site=1,,https://reflect-vod-fcgov.cablecast.tv/CablecastPublicSite/show/2300?site=1,2300.0
11/21/23,,Fort Collins City Council Meeting 11/21/23,City Council Meeting,cablecast,,,,,,https://reflect-vod-fcgov.cablecast.tv/CablecastPublicSite/show/2308?site=1,,https://reflect-vod-fcgov.cablecast.tv/CablecastPublicSite/show/2308?site=1,2308.0
12/5/23,,Fort Collins City Council Meeting 12/5/23,City Council Meeting,cablecast,,,,,,https://reflect-vod-fcgov.cablecast.tv/CablecastPublicSite/show/2317?site=1,,https://reflect-vod-fcgov.cablecast.tv/CablecastPublicSite/show/2317?site=1,2317.0
12/4/23,,Fort Collins Urban Renewal Authority Board Meeting 12/4/23,Urban Renewal Authority Board,cablecast,,,,,,https://reflect-vod-fcgov.cablecast.tv/CablecastPublicSite/show/2318?site=1,,https://reflect-vod-fcgov.cablecast.tv/CablecastPublicSite/show/2318?site=1,2318.0
12/12/23,,Fort Collins City Council Work Session 12/12/23,City Council Work Session,cablecast,,,,,,https://reflect-vod-fcgov.cablecast.tv/CablecastPublicSite/show/2324?site=1,,https://reflect-vod-fcgov.cablecast.tv/CablecastPublicSite/show/2324?site=1,2324.0
12/19/23,,Fort Collins City Council Regular Meeting 12/19/23,City Council Regular Meeting,cablecast,,,,,,https://reflect-vod-fcgov.cablecast.tv/CablecastPublicSite/show/2329?site=1,,https://reflect-vod-fcgov.cablecast.tv/CablecastPublicSite/show/2329?site=1,2329.0
1/9/24,,Fort Collins City Council Special Meeting 1/9/24,City Council Special Meeting,cablecast,,,,,,https://reflect-vod-fcgov.cablecast.tv/CablecastPublicSite/show/2337?site=1,,https://reflect-vod-fcgov.cablecast.tv/CablecastPublicSite/show/2337?site=1,2337.0
1/16/24,,Fort Collins City Council Regular Meeting & Work Session 1/16/24,City Council Regular Meeting,cablecast,,,,,,https://reflect-vod-fcgov.cablecast.tv/CablecastPublicSite/show/2340?site=1,,https://reflect-vod-fcgov.cablecast.tv/CablecastPublicSite/show/2340?site=1,2340.0
1/23/24,,Fort Collins City Council Work Session 1/23/24,City Council Work Session,cablecast,,,,,,https://reflect-vod-fcgov.cablecast.tv/CablecastPublicSite/show/2350?site=1,,https://reflect-vod-fcgov.cablecast.tv/CablecastPublicSite/show/2350?site=1,2350.0
2/6/24,,Fort Collins City Council Meeting 2/6/24,City Council Meeting,cablecast,,,,,,https://reflect-vod-fcgov.cablecast.tv/CablecastPublicSite/show/2358?site=1,,https://reflect-vod-fcgov.cablecast.tv/CablecastPublicSite/show/2358?site=1,2358.0
2/13/24,,Fort Collins City Council Work Session 2/13/24,City Council Work Session,cablecast,,,,,,https://reflect-vod-fcgov.cablecast.tv/CablecastPublicSite/show/2364?site=1,,https://reflect-vod-fcgov.cablecast.tv/CablecastPublicSite/show/2364?site=1,2364.0
2/20/24,,Fort Collins City Council Regular Meeting 2/20/24,City Council Regular Meeting,cablecast,,,,,,https://reflect-vod-fcgov.cablecast.tv/CablecastPublicSite/show/2368?site=1,https://reflect-vod-fcgov.cablecast.tv/store-4/2368-Council-Feb-20-pt-1-proc-v1/vod.mp4,https://reflect-vod-fcgov.cablecast.tv/CablecastPublicSite/show/2368?site=1,2368.0
2/22/24,,Fort Collins Urban Renewal Authority Board Meeting 2/22/24,Urban Renewal Authority Board,cablecast,,,,,,https://reflect-vod-fcgov.cablecast.tv/CablecastPublicSite/show/2372?site=1,,https://reflect-vod-fcgov.cablecast.tv/CablecastPublicSite/show/2372?site=1,2372.0
2/27/24,,Fort Collins City Council Adjourned Meeting & Work Session 2/27/24,City Council Work Session,cablecast,,,,,,https://reflect-vod-fcgov.cablecast.tv/CablecastPublicSite/show/2374?site=1,,https://reflect-vod-fcgov.cablecast.tv/CablecastPublicSite/show/2374?site=1,2374.0
3/5/24,,Fort Collins City Council Regular Meeting 3/5/24,City Council Regular Meeting,cablecast,,,,,,https://reflect-vod-fcgov.cablecast.tv/CablecastPublicSite/show/2384?site=1,,https://reflect-vod-fcgov.cablecast.tv/CablecastPublicSite/show/2384?site=1,2384.0
3/19/24,,Fort Collins City Council Meeting 3/19/24,City Council Meeting,cablecast,,,,,,https://reflect-vod-fcgov.cablecast.tv/CablecastPublicSite/show/2391?site=1,,https://reflect-vod-fcgov.cablecast.tv/CablecastPublicSite/show/2391?site=1,2391.0
3/18/24,,Fort Collins City Council Special Meeting 3/18/24,City Council Special Meeting,cablecast,,,,,,https://reflect-vod-fcgov.cablecast.tv/CablecastPublicSite/show/2397?site=1,,https://reflect-vod-fcgov.cablecast.tv/CablecastPublicSite/show/2397?site=1,2397.0
3/26/24,,Fort Collins City Council Work Session 3/26/24,City Council Work Session,cablecast,,,,,,https://reflect-vod-fcgov.cablecast.tv/CablecastPublicSite/show/2402?site=1,,https://reflect-vod-fcgov.cablecast.tv/CablecastPublicSite/show/2402?site=1,2402.0
4/2/24,,Fort Collins City Council Meeting 4/2/24,City Council Meeting,cablecast,,,,,,https://reflect-vod-fcgov.cablecast.tv/CablecastPublicSite/show/2407?site=1,,https://reflect-vod-fcgov.cablecast.tv/CablecastPublicSite/show/2407?site=1,2407.0
4/9/24,,Fort Collins City Council Work Session 4/9/24,City Council Work Session,cablecast,,,,,,https://reflect-vod-fcgov.cablecast.tv/CablecastPublicSite/show/2413?site=1,,https://reflect-vod-fcgov.cablecast.tv/CablecastPublicSite/show/2413?site=1,2413.0
4/16/24,,Fort Collins City Council Meeting 4/16/24,City Council Meeting,cablecast,,,,,,https://reflect-vod-fcgov.cablecast.tv/CablecastPublicSite/show/2422?site=1,,https://reflect-vod-fcgov.cablecast.tv/CablecastPublicSite/show/2422?site=1,2422.0
4/23/24,,Fort Collins City Council Work Session 4/23/24,City Council Work Session,cablecast,,,,,,https://reflect-vod-fcgov.cablecast.tv/CablecastPublicSite/show/2430?site=1,,https://reflect-vod-fcgov.cablecast.tv/CablecastPublicSite/show/2430?site=1,2430.0
4/25/24,,Fort Collins Urban Renewal Authority Board Meeting 4/25/24,Urban Renewal Authority Board,cablecast,,,,,,https://reflect-vod-fcgov.cablecast.tv/CablecastPublicSite/show/2431?site=1,,https://reflect-vod-fcgov.cablecast.tv/CablecastPublicSite/show/2431?site=1,2431.0
5/7/24,,Fort Collins City Council Regular Meeting 5/7/24,City Council Regular Meeting,cablecast,,,,,,https://reflect-vod-fcgov.cablecast.tv/CablecastPublicSite/show/2439?site=1,,https://reflect-vod-fcgov.cablecast.tv/CablecastPublicSite/show/2439?site=1,2439.0
5/14/24,,Fort Collins City Council Work Session 5/14/24,City Council Work Session,cablecast,,,,,,https://reflect-vod-fcgov.cablecast.tv/CablecastPublicSite/show/2445?site=1,,https://reflect-vod-fcgov.cablecast.tv/CablecastPublicSite/show/2445?site=1,2445.0
5/21/24,,Fort Collins City Council Regular Meeting 5/21/24,City Council Regular Meeting,cablecast,,,,,,https://reflect-vod-fcgov.cablecast.tv/CablecastPublicSite/show/2453?site=1,,https://reflect-vod-fcgov.cablecast.tv/CablecastPublicSite/show/2453?site=1,2453.0
5/23/24,,Fort Collins Urban Renewal Authority Board Meeting 5/23/24,Urban Renewal Authority Board,cablecast,,,,,,https://reflect-vod-fcgov.cablecast.tv/CablecastPublicSite/show/2454?site=1,https://reflect-vod-fcgov.cablecast.tv/store-4/2454-URA-May23-p1-v1/vod.mp4,https://reflect-vod-fcgov.cablecast.tv/CablecastPublicSite/show/2454?site=1,2454.0
5/28/24,,Fort Collins City Council Work Session 5/28/24,City Council Work Session,cablecast,,,,,,https://reflect-vod-fcgov.cablecast.tv/CablecastPublicSite/show/2457?site=1,,https://reflect-vod-fcgov.cablecast.tv/CablecastPublicSite/show/2457?site=1,2457.0
6/4/24,,Fort Collins City Council Regular Meeting 6/4/24,City Council Regular Meeting,cablecast,,,,,,https://reflect-vod-fcgov.cablecast.tv/CablecastPublicSite/show/2461?site=1,,https://reflect-vod-fcgov.cablecast.tv/CablecastPublicSite/show/2461?site=1,2461.0
6/11/24,,Fort Collins City Council Work Session 6/11/24,City Council Work Session,cablecast,,,,,,https://reflect-vod-fcgov.cablecast.tv/CablecastPublicSite/show/2464?site=1,,https://reflect-vod-fcgov.cablecast.tv/CablecastPublicSite/show/2464?site=1,2464.0
6/18/24,,Fort Collins City Council Regular Meeting 6/18/24,City Council Regular Meeting,cablecast,,,,,,https://reflect-vod-fcgov.cablecast.tv/CablecastPublicSite/show/2468?site=1,,https://reflect-vod-fcgov.cablecast.tv/CablecastPublicSite/show/2468?site=1,2468.0
6/25/24,,Fort Collins City Council Work Session 6/25/24,City Council Work Session,cablecast,,,,,,https://reflect-vod-fcgov.cablecast.tv/CablecastPublicSite/show/2473?site=1,,https://reflect-vod-fcgov.cablecast.tv/CablecastPublicSite/show/2473?site=1,2473.0
6/27/24,,Fort Collins Urban Renewal Authority Board Meeting 6/27/24,Urban Renewal Authority Board,cablecast,,,,,,https://reflect-vod-fcgov.cablecast.tv/CablecastPublicSite/show/2476?site=1,,https://reflect-vod-fcgov.cablecast.tv/CablecastPublicSite/show/2476?site=1,2476.0
7/2/24,,Fort Collins City Council Regular Meeting 7/2/24,City Council Regular Meeting,cablecast,,,,,,https://reflect-vod-fcgov.cablecast.tv/CablecastPublicSite/show/2479?site=1,,https://reflect-vod-fcgov.cablecast.tv/CablecastPublicSite/show/2479?site=1,2479.0
7/9/24,,Fort Collins City Council Work Session 7/9/24,City Council Work Session,cablecast,,,,,,https://reflect-vod-fcgov.cablecast.tv/CablecastPublicSite/show/2484?site=1,,https://reflect-vod-fcgov.cablecast.tv/CablecastPublicSite/show/2484?site=1,2484.0
7/16/24,,Fort Collins City Council Regular Meeting 7/16/24,City Council Regular Meeting,cablecast,,,,,,https://reflect-vod-fcgov.cablecast.tv/CablecastPublicSite/show/2486?site=1,,https://reflect-vod-fcgov.cablecast.tv/CablecastPublicSite/show/2486?site=1,2486.0
8/13/24,,Fort Collins City Council Work Session 8/13/24,City Council Work Session,cablecast,,,,,,https://reflect-vod-fcgov.cablecast.tv/CablecastPublicSite/show/2514?site=1,,https://reflect-vod-fcgov.cablecast.tv/CablecastPublicSite/show/2514?site=1,2514.0
8/20/24,,Fort Collins City Council Regular Meeting 8/20/24,City Council Regular Meeting,cablecast,,,,,,https://reflect-vod-fcgov.cablecast.tv/CablecastPublicSite/show/2518?site=1,,https://reflect-vod-fcgov.cablecast.tv/CablecastPublicSite/show/2518?site=1,2518.0
8/27/24,,Fort Collins City Council Work Session 8/27/24,City Council Work Session,cablecast,,,,,,https://reflect-vod-fcgov.cablecast.tv/CablecastPublicSite/show/2525?site=1,,https://reflect-vod-fcgov.cablecast.tv/CablecastPublicSite/show/2525?site=1,2525.0
9/3/24,,Fort Collins City Council Regular Meeting & Work Session 9/3/24,City Council Regular Meeting,cablecast,,,,,,https://reflect-vod-fcgov.cablecast.tv/CablecastPublicSite/show/2529?site=1,,https://reflect-vod-fcgov.cablecast.tv/CablecastPublicSite/show/2529?site=1,2529.0
9/10/24,,Fort Collins City Council Work Session 9/10/24,City Council Work Session,cablecast,,,,,,https://reflect-vod-fcgov.cablecast.tv/CablecastPublicSite/show/2530?site=1,,https://reflect-vod-fcgov.cablecast.tv/CablecastPublicSite/show/2530?site=1,2530.0
9/17/24,,Fort Collins City Council Regular Meeting 9/17/24,City Council Regular Meeting,cablecast,,,,,,https://reflect-vod-fcgov.cablecast.tv/CablecastPublicSite/show/2535?site=1,,https://reflect-vod-fcgov.cablecast.tv/CablecastPublicSite/show/2535?site=1,2535.0
9/24/24,,Fort Collins City Council Work Session 9/24/24,City Council Work Session,cablecast,,,,,,https://reflect-vod-fcgov.cablecast.tv/CablecastPublicSite/show/2546?site=1,,https://reflect-vod-fcgov.cablecast.tv/CablecastPublicSite/show/2546?site=1,2546.0
9/26/24,,Fort Collins Urban Renewal Authority Board Meeting 9/26/24,Urban Renewal Authority Board,cablecast,,,,,,https://reflect-vod-fcgov.cablecast.tv/CablecastPublicSite/show/2553?site=1,https://reflect-vod-fcgov.cablecast.tv/store-4/2553-URA-Sept2624-a-v1/vod.mp4,https://reflect-vod-fcgov.cablecast.tv/CablecastPublicSite/show/2553?site=1,2553.0
10/1/24,,Fort Collins City Council Regular Meeting 10/1/24,City Council Regular Meeting,cablecast,,,,,,https://reflect-vod-fcgov.cablecast.tv/CablecastPublicSite/show/2556?site=1,,https://reflect-vod-fcgov.cablecast.tv/CablecastPublicSite/show/2556?site=1,2556.0
10/8/24,,Fort Collins City Council Work Session 10/8/24,City Council Work Session,cablecast,,,,,,https://reflect-vod-fcgov.cablecast.tv/CablecastPublicSite/show/2562?site=1,,https://reflect-vod-fcgov.cablecast.tv/CablecastPublicSite/show/2562?site=1,2562.0
10/15/24,,Fort Collins City Council Regular Meeting 10/15/24,City Council Regular Meeting,cablecast,,,,,,https://reflect-vod-fcgov.cablecast.tv/CablecastPublicSite/show/2565?site=1,,https://reflect-vod-fcgov.cablecast.tv/CablecastPublicSite/show/2565?site=1,2565.0
10/22/24,,Fort Collins City Council Work Session 10/22/24,City Council Work Session,cablecast,,,,,,https://reflect-vod-fcgov.cablecast.tv/CablecastPublicSite/show/2575?site=1,,https://reflect-vod-fcgov.cablecast.tv/CablecastPublicSite/show/2575?site=1,2575.0
10/24/24,,Fort Collins Urban Renewal Authority Board Meeting 10/24/24,Urban Renewal Authority Board,cablecast,,,,,,https://reflect-vod-fcgov.cablecast.tv/CablecastPublicSite/show/2576?site=1,,https://reflect-vod-fcgov.cablecast.tv/CablecastPublicSite/show/2576?site=1,2576.0
11/4/24,,Fort Collins City Council Regular Meeting 11/4/24,City Council Regular Meeting,cablecast,,,,,,https://reflect-vod-fcgov.cablecast.tv/CablecastPublicSite/show/2583?site=1,,https://reflect-vod-fcgov.cablecast.tv/CablecastPublicSite/show/2583?site=1,2583.0
11/6/24,,Fort Collins City Council Special Meeting 11/6/24,City Council Special Meeting,cablecast,,,,,,https://reflect-vod-fcgov.cablecast.tv/CablecastPublicSite/show/2586?site=1,,https://reflect-vod-fcgov.cablecast.tv/CablecastPublicSite/show/2586?site=1,2586.0
11/12/24,,Fort Collins City Council Work Session 11/12/24,City Council Work Session,cablecast,,,,,,https://reflect-vod-fcgov.cablecast.tv/CablecastPublicSite/show/2588?site=1,,https://reflect-vod-fcgov.cablecast.tv/CablecastPublicSite/show/2588?site=1,2588.0
11/19/24,,Fort Collins City Council Regular Meeting 11/19/24,City Council Regular Meeting,cablecast,,,,,,https://reflect-vod-fcgov.cablecast.tv/CablecastPublicSite/show/2595?site=1,,https://reflect-vod-fcgov.cablecast.tv/CablecastPublicSite/show/2595?site=1,2595.0
2/7/23,,Fort Collins City Council Meeting 2/7/23,City Council Meeting,cablecast,,,,,,https://reflect-vod-fcgov.cablecast.tv/CablecastPublicSite/show/2045?site=1,,https://reflect-vod-fcgov.cablecast.tv/CablecastPublicSite/show/2045?site=1,2045.0
2/14/23,,Fort Collins City Council Work Session 2/14/23,City Council Work Session,cablecast,,,,,,https://reflect-vod-fcgov.cablecast.tv/CablecastPublicSite/show/2047?site=1,,https://reflect-vod-fcgov.cablecast.tv/CablecastPublicSite/show/2047?site=1,2047.0
2/21/23,,Fort Collins City Council Meeting 2/21/23,City Council Meeting,cablecast,,,,,,https://reflect-vod-fcgov.cablecast.tv/CablecastPublicSite/show/2065?site=1,,https://reflect-vod-fcgov.cablecast.tv/CablecastPublicSite/show/2065?site=1,2065.0
2/23/23,,Fort Collins Urban Renewal Authority Board Meeting 2/23/23,Urban Renewal Authority Board,cablecast,,,,,,https://reflect-vod-fcgov.cablecast.tv/CablecastPublicSite/show/2067?site=1,,https://reflect-vod-fcgov.cablecast.tv/CablecastPublicSite/show/2067?site=1,2067.0
2/28/23,,Fort Collins City Council Work Session 2/28/23,City Council Work Session,cablecast,,,,,,https://reflect-vod-fcgov.cablecast.tv/CablecastPublicSite/show/2073?site=1,,https://reflect-vod-fcgov.cablecast.tv/CablecastPublicSite/show/2073?site=1,2073.0
3/7/23,,Fort Collins City Council Meeting 3/7/23,City Council Meeting,cablecast,,,,,,https://reflect-vod-fcgov.cablecast.tv/CablecastPublicSite/show/2081?site=1,,https://reflect-vod-fcgov.cablecast.tv/CablecastPublicSite/show/2081?site=1,2081.0
3/14/23,,Fort Collins City Council Work Session 3/14/23,City Council Work Session,cablecast,,,,,,https://reflect-vod-fcgov.cablecast.tv/CablecastPublicSite/show/2087?site=1,,https://reflect-vod-fcgov.cablecast.tv/CablecastPublicSite/show/2087?site=1,2087.0
3/21/23,,Fort Collins City Council Meeting 3/21/23,City Council Meeting,cablecast,,,,,,https://reflect-vod-fcgov.cablecast.tv/CablecastPublicSite/show/2093?site=1,,https://reflect-vod-fcgov.cablecast.tv/CablecastPublicSite/show/2093?site=1,2093.0
4/4/23,,Fort Collins City Council Meeting 4/4/23,City Council Meeting,cablecast,,,,,,https://reflect-vod-fcgov.cablecast.tv/CablecastPublicSite/show/2109?site=1,,https://reflect-vod-fcgov.cablecast.tv/CablecastPublicSite/show/2109?site=1,2109.0
4/11/23,,Fort Collins City Council Work Session 4/11/23,City Council Work Session,cablecast,,,,,,https://reflect-vod-fcgov.cablecast.tv/CablecastPublicSite/show/2116?site=1,,https://reflect-vod-fcgov.cablecast.tv/CablecastPublicSite/show/2116?site=1,2116.0
4/18/23,,Fort Collins City Council Meeting 4/18/23,City Council Meeting,cablecast,,,,,,https://reflect-vod-fcgov.cablecast.tv/CablecastPublicSite/show/2124?site=1,,https://reflect-vod-fcgov.cablecast.tv/CablecastPublicSite/show/2124?site=1,2124.0
4/25/23,,Fort Collins City Council Work Session 4/25/23,City Council Work Session,cablecast,,,,,,https://reflect-vod-fcgov.cablecast.tv/CablecastPublicSite/show/2132?site=1,,https://reflect-vod-fcgov.cablecast.tv/CablecastPublicSite/show/2132?site=1,2132.0
5/2/23,,Fort Collins City Council Meeting 5/2/23,City Council Meeting,cablecast,,,,,,https://reflect-vod-fcgov.cablecast.tv/CablecastPublicSite/show/2140?site=1,,https://reflect-vod-fcgov.cablecast.tv/CablecastPublicSite/show/2140?site=1,2140.0
5/9/23,,Fort Collins City Council Work Session 5/9/23,City Council Work Session,cablecast,,,,,,https://reflect-vod-fcgov.cablecast.tv/CablecastPublicSite/show/2145?site=1,,https://reflect-vod-fcgov.cablecast.tv/CablecastPublicSite/show/2145?site=1,2145.0
5/16/23,,Fort Collins City Council Meeting 5/16/23,City Council Meeting,cablecast,,,,,,https://reflect-vod-fcgov.cablecast.tv/CablecastPublicSite/show/2151?site=1,,https://reflect-vod-fcgov.cablecast.tv/CablecastPublicSite/show/2151?site=1,2151.0
5/23/23,,Fort Collins City Council Work Session 5/23/23,City Council Work Session,cablecast,,,,,,https://reflect-vod-fcgov.cablecast.tv/CablecastPublicSite/show/2160?site=1,,https://reflect-vod-fcgov.cablecast.tv/CablecastPublicSite/show/2160?site=1,2160.0
6/6/23,,Fort Collins City Council Meeting & Special Work Session 6/6/23,City Council Work Session,cablecast,,,,,,https://reflect-vod-fcgov.cablecast.tv/CablecastPublicSite/show/2168?site=1,,https://reflect-vod-fcgov.cablecast.tv/CablecastPublicSite/show/2168?site=1,2168.0
6/13/23,,Fort Collins City Council Work Session 6/13/23,City Council Work Session,cablecast,,,,,,https://reflect-vod-fcgov.cablecast.tv/CablecastPublicSite/show/2169?site=1,,https://reflect-vod-fcgov.cablecast.tv/CablecastPublicSite/show/2169?site=1,2169.0
6/20/23,,Fort Collins City Council Meeting 6/20/23,City Council Meeting,cablecast,,,,,,https://reflect-vod-fcgov.cablecast.tv/CablecastPublicSite/show/2172?site=1,,https://reflect-vod-fcgov.cablecast.tv/CablecastPublicSite/show/2172?site=1,2172.0
7/18/23,,Fort Collins City Council Meeting 7/18/23,City Council Meeting,cablecast,,,,,,https://reflect-vod-fcgov.cablecast.tv/CablecastPublicSite/show/2193?site=1,,https://reflect-vod-fcgov.cablecast.tv/CablecastPublicSite/show/2193?site=1,2193.0
